"Terminal Date","Amount","Paid Duration","Park","Meter Description","End Date"
"43318.3125","0.85","51 m ","Town of Amherst, MA","BA Main","43318.347916666666"
"43318.38680555556","1.0","1 h ","Town of Amherst, MA","BA Main","43318.42847222222"
"43318.396527777775","0.25","15 m ","Town of Amherst, MA","BA Main","43318.40694444445"
"43318.40347222222","3.25","3 h 15 m ","Town of Amherst, MA","BA Main","43318.53888888889"
"43318.40972222222","0.5","30 m ","Town of Amherst, MA","BA Main","43318.430555555555"
"43318.41111111111","3.5","4 h ","Town of Amherst, MA","BA Main","43318.57638888889"
"43318.42847222222","4.0","4 h ","Town of Amherst, MA","BA Main","43318.595138888886"
"43318.433333333334","4.0","4 h ","Town of Amherst, MA","SP Main","43318.6"
"43318.433333333334","1.25","1 h 15 m ","Town of Amherst, MA","BA Main","43318.48541666667"
"43318.43402777778","0.25","15 m ","Town of Amherst, MA","BA Main","43318.444444444445"
"43318.43819444445","0.25","15 m ","Town of Amherst, MA","BA Main","43318.44861111111"
"43318.444444444445","0.5","30 m ","Town of Amherst, MA","BA Main","43318.46527777778"
"43318.44513888889","0.25","15 m ","Town of Amherst, MA","BA Main","43318.455555555556"
"43318.45763888889","1.25","1 h 15 m ","Town of Amherst, MA","BA Main","43318.509722222225"
"43318.458333333336","0.75","45 m ","Town of Amherst, MA","SP Main","43318.489583333336"
"43318.46111111111","0.5","30 m ","Town of Amherst, MA","BA Main","43318.481944444444"
"43318.464583333334","1.5","1 h 30 m ","Town of Amherst, MA","SP Main","43318.527083333334"
"43318.46597222222","2.0","2 h ","Town of Amherst, MA","SP Main","43318.549305555556"
"43318.47083333333","1.25","1 h 15 m ","Town of Amherst, MA","SP Main","43318.52291666667"
"43318.475694444445","0.5","30 m ","Town of Amherst, MA","SP Main","43318.49652777778"
"43318.478472222225","4.0","4 h ","Town of Amherst, MA","BA Main","43318.64513888889"
"43318.481944444444","0.5","30 m ","Town of Amherst, MA","BA Main","43318.50277777778"
"43318.48263888889","1.5","1 h 30 m ","Town of Amherst, MA","BA Main","43318.54513888889"
"43318.48472222222","0.9","54 m ","Town of Amherst, MA","BA Main","43318.52222222222"
"43318.486805555556","1.0","1 h ","Town of Amherst, MA","BA Main","43318.52847222222"
"43318.48819444444","0.25","15 m ","Town of Amherst, MA","SP Main","43318.498611111114"
"43318.48888888889","1.0","1 h ","Town of Amherst, MA","BA Main","43318.53055555555"
"43318.490277777775","0.5","30 m ","Town of Amherst, MA","BA Main","43318.51111111111"
"43318.49166666667","0.5","30 m ","Town of Amherst, MA","SP Main","43318.5125"
"43318.49236111111","0.55","33 m ","Town of Amherst, MA","BA Main","43318.51527777778"
"43318.49375","0.75","45 m ","Town of Amherst, MA","BA Main","43318.525"
"43318.501388888886","0.35","21 m ","Town of Amherst, MA","BA Main","43318.51597222222"
"43318.504166666666","0.5","30 m ","Town of Amherst, MA","BA Main","43318.525"
"43318.50486111111","2.0","2 h ","Town of Amherst, MA","BA Main","43318.58819444444"
"43318.510416666664","0.5","30 m ","Town of Amherst, MA","SP Main","43318.53125"
"43318.51180555556","3.0","3 h ","Town of Amherst, MA","BA Main","43318.63680555556"
"43318.513194444444","0.45","27 m ","Town of Amherst, MA","BA Main","43318.53194444445"
"43318.51388888889","0.5","30 m ","Town of Amherst, MA","BA Main","43318.53472222222"
"43318.51458333333","3.5","4 h ","Town of Amherst, MA","BA Main","43318.680555555555"
"43318.51458333333","0.75","45 m ","Town of Amherst, MA","SP Main","43318.54583333333"
"43318.51666666667","1.0","1 h ","Town of Amherst, MA","SP Main","43318.558333333334"
"43318.518055555556","1.5","1 h 30 m ","Town of Amherst, MA","SP Main","43318.580555555556"
"43318.51875","2.0","2 h ","Town of Amherst, MA","BA Main","43318.60208333333"
"43318.52013888889","1.2","1 h 12 m ","Town of Amherst, MA","BA Main","43318.57013888889"
"43318.52013888889","1.0","1 h ","Town of Amherst, MA","SP Main","43318.56180555555"
"43318.54027777778","4.0","4 h ","Town of Amherst, MA","SP Main","43318.70694444444"
"43318.541666666664","1.0","1 h ","Town of Amherst, MA","BA Main","43318.583333333336"
"43318.54861111111","1.5","1 h 30 m ","Town of Amherst, MA","SP Main","43318.61111111111"
"43318.55694444444","0.5","30 m ","Town of Amherst, MA","BA Main","43318.57777777778"
"43318.558333333334","3.5","3 h 30 m ","Town of Amherst, MA","BA Main","43318.70416666667"
"43318.56458333333","0.35","21 m ","Town of Amherst, MA","BA Main","43318.57916666667"
"43318.56527777778","2.5","2 h 30 m ","Town of Amherst, MA","SP Main","43318.669444444444"
"43318.57361111111","1.9","1 h 54 m ","Town of Amherst, MA","SP Main","43318.65277777778"
"43318.575","0.5","30 m ","Town of Amherst, MA","SP Main","43318.59583333333"
"43318.575694444444","1.3","1 h 18 m ","Town of Amherst, MA","SP Main","43318.62986111111"
"43318.57708333333","0.75","45 m ","Town of Amherst, MA","SP Main","43318.60833333333"
"43318.57777777778","2.0","2 h ","Town of Amherst, MA","SP Main","43318.66111111111"
"43318.57916666667","0.7","42 m ","Town of Amherst, MA","SP Main","43318.60833333333"
"43318.580555555556","2.75","2 h 45 m ","Town of Amherst, MA","SP Main","43318.69513888889"
"43318.584027777775","1.0","1 h ","Town of Amherst, MA","BA Main","43318.62569444445"
"43318.58472222222","2.0","2 h ","Town of Amherst, MA","SP Main","43318.66805555556"
"43318.58819444444","1.0","1 h ","Town of Amherst, MA","BA Main","43318.62986111111"
"43318.59305555555","1.0","1 h ","Town of Amherst, MA","SP Main","43318.634722222225"
"43318.59652777778","1.5","1 h 30 m ","Town of Amherst, MA","BA Main","43318.65902777778"
"43318.59930555556","0.5","30 m ","Town of Amherst, MA","BA Main","43318.62013888889"
"43318.60138888889","0.25","15 m ","Town of Amherst, MA","BA Main","43318.611805555556"
"43318.60208333333","0.85","51 m ","Town of Amherst, MA","SP Main","43318.6375"
"43318.61319444444","1.75","1 h 45 m ","Town of Amherst, MA","BA Main","43318.686111111114"
"43318.61666666667","0.5","30 m ","Town of Amherst, MA","BA Main","43318.6375"
"43318.623611111114","0.5","30 m ","Town of Amherst, MA","BA Main","43318.64444444444"
"43318.626388888886","0.6","36 m ","Town of Amherst, MA","SP Main","43318.65138888889"
"43318.626388888886","0.75","45 m ","Town of Amherst, MA","BA Main","43318.657638888886"
"43318.63611111111","0.5","30 m ","Town of Amherst, MA","BA Main","43318.65694444445"
"43318.64791666667","1.0","1 h ","Town of Amherst, MA","SP Main","43318.68958333333"
"43318.649305555555","0.25","15 m ","Town of Amherst, MA","BA Main","43318.65972222222"
"43318.65416666667","1.25","1 h 15 m ","Town of Amherst, MA","BA Main","43318.70625"
"43318.657638888886","4.0","4 h ","Town of Amherst, MA","BA Main","43318.82430555556"
"43318.65972222222","1.5","1 h 30 m ","Town of Amherst, MA","BA Main","43318.72222222222"
"43318.6625","0.5","30 m ","Town of Amherst, MA","BA Main","43318.683333333334"
"43318.66388888889","0.5","30 m ","Town of Amherst, MA","BA Main","43318.68472222222"
"43318.66527777778","0.5","30 m ","Town of Amherst, MA","SP Main","43318.686111111114"
"43318.666666666664","1.8","1 h 48 m ","Town of Amherst, MA","BA Main","43318.74166666667"
"43318.66805555556","3.0","3 h ","Town of Amherst, MA","BA Main","43318.79305555556"
"43318.67291666667","0.05","3 m ","Town of Amherst, MA","BA Main","43318.675"
"43318.674305555556","0.75","45 m ","Town of Amherst, MA","SP Main","43318.705555555556"
"43318.68125","2.5","2 h 30 m ","Town of Amherst, MA","SP Main","43318.785416666666"
"43318.68402777778","1.5","1 h 30 m ","Town of Amherst, MA","SP Main","43318.74652777778"
"43318.686111111114","0.75","45 m ","Town of Amherst, MA","BA Main","43318.717361111114"
"43318.69375","1.25","1 h 15 m ","Town of Amherst, MA","SP Main","43318.745833333334"
"43318.69583333333","0.5","30 m ","Town of Amherst, MA","SP Main","43318.71666666667"
"43318.69861111111","3.0","3 h ","Town of Amherst, MA","BA Main","43318.82361111111"
"43318.69930555556","0.5","3 h 30 m ","Town of Amherst, MA","BA Main","43318.84444444445"
"43318.70347222222","0.85","51 m ","Town of Amherst, MA","BA Main","43318.73888888889"
"43318.70416666667","0.3","18 m ","Town of Amherst, MA","BA Main","43318.71666666667"
"43318.70763888889","2.15","2 h 9 m ","Town of Amherst, MA","BA Main","43318.79722222222"
"43318.709027777775","1.5","1 h 30 m ","Town of Amherst, MA","BA Main","43318.771527777775"
"43318.70972222222","3.0","3 h ","Town of Amherst, MA","BA Main","43318.83472222222"
"43318.71388888889","1.75","1 h 45 m ","Town of Amherst, MA","SP Main","43318.78680555556"
"43318.725","0.5","30 m ","Town of Amherst, MA","BA Main","43318.745833333334"
"43318.72638888889","1.75","2 h 15 m ","Town of Amherst, MA","BA Main","43318.81875"
"43318.73819444444","2.25","2 h 15 m ","Town of Amherst, MA","SP Main","43318.83194444444"
"43318.739583333336","1.0","1 h ","Town of Amherst, MA","BA Main","43318.78125"
"43318.74097222222","1.25","1 h 15 m ","Town of Amherst, MA","BA Main","43318.79305555556"
"43318.74791666667","1.05","1 h 3 m ","Town of Amherst, MA","BA Main","43318.791666666664"
"43318.75208333333","2.5","2 h 30 m ","Town of Amherst, MA","BA Main","43318.85625"
"43318.75486111111","1.9","1 h 54 m ","Town of Amherst, MA","BA Main","43318.834027777775"
"43318.76111111111","1.75","1 h 45 m ","Town of Amherst, MA","SP Main","43318.834027777775"
"43318.76666666667","1.75","1 h 45 m ","Town of Amherst, MA","BA Main","43318.839583333334"
"43318.770833333336","4.0","4 h ","Town of Amherst, MA","BA Main","43318.9375"
"43318.77222222222","1.5","1 h 30 m ","Town of Amherst, MA","SP Main","43318.83472222222"
"43318.77222222222","2.0","2 h ","Town of Amherst, MA","BA Main","43318.85555555556"
"43318.775","1.5","1 h 30 m ","Town of Amherst, MA","BA Main","43318.8375"
"43318.78402777778","0.6","36 m ","Town of Amherst, MA","SP Main","43318.80902777778"
"43318.785416666666","1.25","1 h 15 m ","Town of Amherst, MA","BA Main","43318.8375"
"43318.785416666666","1.25","1 h 15 m ","Town of Amherst, MA","SP Main","43318.8375"
"43318.7875","1.25","1 h 15 m ","Town of Amherst, MA","BA Main","43318.839583333334"
"43318.78888888889","1.5","1 h 30 m ","Town of Amherst, MA","BA Main","43318.85138888889"
"43318.78958333333","1.0","1 h ","Town of Amherst, MA","SP Main","43318.83125"
"43318.78958333333","1.05","1 h 3 m ","Town of Amherst, MA","BA Main","43318.833333333336"
"43318.791666666664","1.0","1 h ","Town of Amherst, MA","SP Main","43318.833333333336"
"43318.791666666664","1.0","1 h ","Town of Amherst, MA","BA Main","43318.833333333336"
"43318.794444444444","1.0","1 h ","Town of Amherst, MA","SP Main","43318.83611111111"
"43318.794444444444","1.5","1 h 30 m ","Town of Amherst, MA","BA Main","43318.856944444444"
"43318.79513888889","1.25","1 h 15 m ","Town of Amherst, MA","BA Main","43318.84722222222"
"43318.79583333333","1.0","1 h ","Town of Amherst, MA","BA Main","43318.8375"
"43318.80069444444","0.75","45 m ","Town of Amherst, MA","BA Main","43318.83194444444"
"43318.80138888889","1.0","1 h ","Town of Amherst, MA","BA Main","43318.84305555555"
"43318.80625","1.75","1 h 45 m ","Town of Amherst, MA","BA Main","43318.879166666666"
"43318.808333333334","1.75","1 h 45 m ","Town of Amherst, MA","BA Main","43318.88125"
"43318.82083333333","0.35","21 m ","Town of Amherst, MA","SP Main","43318.83541666667"
"43318.85902777778","2.0","2 h ","Town of Amherst, MA","SP Main","43318.94236111111"
"43319.32777777778","1.5","1 h 30 m ","Town of Amherst, MA","BA Main","43319.39027777778"
"43319.34305555555","1.0","1 h ","Town of Amherst, MA","SP Main","43319.384722222225"
"43319.35138888889","1.0","1 h ","Town of Amherst, MA","BA Main","43319.393055555556"
"43319.35208333333","0.5","30 m ","Town of Amherst, MA","SP Main","43319.37291666667"
"43319.35625","0.1","6 m ","Town of Amherst, MA","BA Main","43319.36041666667"
"43319.37152777778","1.5","1 h 30 m ","Town of Amherst, MA","BA Main","43319.43402777778"
"43319.37777777778","2.7","2 h 42 m ","Town of Amherst, MA","BA Main","43319.490277777775"
"43319.379166666666","2.6","2 h 36 m ","Town of Amherst, MA","BA Main","43319.4875"
"43319.38958333333","2.0","2 h ","Town of Amherst, MA","BA Main","43319.472916666666"
"43319.39791666667","4.0","4 h ","Town of Amherst, MA","BA Main","43319.56458333333"
"43319.40833333333","1.0","1 h ","Town of Amherst, MA","SP Main","43319.45"
"43319.41111111111","1.6","1 h 36 m ","Town of Amherst, MA","BA Main","43319.47777777778"
"43319.4125","0.5","30 m ","Town of Amherst, MA","BA Main","43319.433333333334"
"43319.415972222225","0.4","24 m ","Town of Amherst, MA","SP Main","43319.43263888889"
"43319.41736111111","0.3","18 m ","Town of Amherst, MA","BA Main","43319.42986111111"
"43319.427777777775","2.0","2 h ","Town of Amherst, MA","SP Main","43319.51111111111"
"43319.4375","0.25","15 m ","Town of Amherst, MA","BA Main","43319.447916666664"
"43319.444444444445","0.75","45 m ","Town of Amherst, MA","BA Main","43319.475694444445"
"43319.45486111111","0.9","54 m ","Town of Amherst, MA","BA Main","43319.49236111111"
"43319.45625","0.75","45 m ","Town of Amherst, MA","BA Main","43319.4875"
"43319.46319444444","4.0","4 h ","Town of Amherst, MA","BA Main","43319.62986111111"
"43319.46388888889","0.35","21 m ","Town of Amherst, MA","BA Main","43319.478472222225"
"43319.46944444445","2.25","2 h 15 m ","Town of Amherst, MA","SP Main","43319.56319444445"
"43319.47083333333","4.0","4 h ","Town of Amherst, MA","SP Main","43319.6375"
"43319.47638888889","0.5","30 m ","Town of Amherst, MA","BA Main","43319.49722222222"
"43319.479166666664","2.0","2 h ","Town of Amherst, MA","BA Main","43319.5625"
"43319.48263888889","1.5","1 h 30 m ","Town of Amherst, MA","BA Main","43319.54513888889"
"43319.48333333333","1.15","1 h 9 m ","Town of Amherst, MA","SP Main","43319.53125"
"43319.48472222222","0.75","45 m ","Town of Amherst, MA","BA Main","43319.51597222222"
"43319.48541666667","1.25","1 h 15 m ","Town of Amherst, MA","BA Main","43319.5375"
"43319.486805555556","1.5","1 h 30 m ","Town of Amherst, MA","BA Main","43319.549305555556"
"43319.495833333334","0.75","45 m ","Town of Amherst, MA","BA Main","43319.527083333334"
"43319.49722222222","1.25","1 h 15 m ","Town of Amherst, MA","BA Main","43319.549305555556"
"43319.49930555555","1.0","1 h ","Town of Amherst, MA","BA Main","43319.540972222225"
"43319.5","0.5","30 m ","Town of Amherst, MA","BA Main","43319.520833333336"
"43319.50069444445","1.75","1 h 45 m ","Town of Amherst, MA","BA Main","43319.57361111111"
"43319.50069444445","1.2","1 h 12 m ","Town of Amherst, MA","SP Main","43319.55069444444"
"43319.50347222222","0.4","24 m ","Town of Amherst, MA","SP Main","43319.52013888889"
"43319.50486111111","0.55","33 m ","Town of Amherst, MA","SP Main","43319.52777777778"
"43319.50555555556","2.0","2 h ","Town of Amherst, MA","SP Main","43319.58888888889"
"43319.509722222225","2.0","2 h ","Town of Amherst, MA","SP Main","43319.59305555555"
"43319.51111111111","1.25","1 h 15 m ","Town of Amherst, MA","BA Main","43319.56319444445"
"43319.5125","0.5","30 m ","Town of Amherst, MA","BA Main","43319.53333333333"
"43319.51388888889","1.0","1 h ","Town of Amherst, MA","BA Main","43319.555555555555"
"43319.51736111111","1.5","1 h 30 m ","Town of Amherst, MA","SP Main","43319.57986111111"
"43319.52013888889","3.5","4 h ","Town of Amherst, MA","BA Main","43319.67916666667"
"43319.52291666667","4.0","4 h ","Town of Amherst, MA","BA Main","43319.68958333333"
"43319.52361111111","1.5","1 h 30 m ","Town of Amherst, MA","BA Main","43319.58611111111"
"43319.52569444444","1.75","1 h 45 m ","Town of Amherst, MA","BA Main","43319.59861111111"
"43319.52847222222","1.75","1 h 45 m ","Town of Amherst, MA","SP Main","43319.60138888889"
"43319.529861111114","1.2","1 h 12 m ","Town of Amherst, MA","SP Main","43319.57986111111"
"43319.53055555555","1.0","1 h ","Town of Amherst, MA","BA Main","43319.572222222225"
"43319.53194444445","4.0","4 h ","Town of Amherst, MA","BA Main","43319.69861111111"
"43319.53333333333","1.5","1 h 30 m ","Town of Amherst, MA","BA Main","43319.59583333333"
"43319.54027777778","0.5","30 m ","Town of Amherst, MA","SP Main","43319.561111111114"
"43319.540972222225","0.5","30 m ","Town of Amherst, MA","BA Main","43319.56180555555"
"43319.541666666664","1.0","1 h ","Town of Amherst, MA","SP Main","43319.583333333336"
"43319.544444444444","2.0","3 h 30 m ","Town of Amherst, MA","BA Main","43319.62847222222"
"43319.54583333333","1.95","1 h 57 m ","Town of Amherst, MA","BA Main","43319.62708333333"
"43319.54722222222","0.5","30 m ","Town of Amherst, MA","BA Main","43319.56805555556"
"43319.55694444444","0.55","33 m ","Town of Amherst, MA","BA Main","43319.57986111111"
"43319.55972222222","3.0","3 h ","Town of Amherst, MA","BA Main","43319.68472222222"
"43319.561111111114","3.5","3 h 30 m ","Town of Amherst, MA","SP Main","43319.70694444444"
"43319.566666666666","1.0","1 h ","Town of Amherst, MA","BA Main","43319.60833333333"
"43319.56736111111","0.5","30 m ","Town of Amherst, MA","SP Main","43319.58819444444"
"43319.56875","2.0","2 h ","Town of Amherst, MA","BA Main","43319.652083333334"
"43319.569444444445","2.5","2 h 30 m ","Town of Amherst, MA","BA Main","43319.67361111111"
"43319.57916666667","1.1","1 h 6 m ","Town of Amherst, MA","BA Main","43319.625"
"43319.586805555555","4.0","4 h ","Town of Amherst, MA","BA Main","43319.75347222222"
"43319.592361111114","2.25","2 h 15 m ","Town of Amherst, MA","BA Main","43319.686111111114"
"43319.59305555555","1.25","1 h 15 m ","Town of Amherst, MA","SP Main","43319.64513888889"
"43319.59375","2.5","2 h 30 m ","Town of Amherst, MA","BA Main","43319.697916666664"
"43319.59652777778","1.5","1 h 30 m ","Town of Amherst, MA","SP Main","43319.65902777778"
"43319.60208333333","1.25","1 h 15 m ","Town of Amherst, MA","BA Main","43319.65416666667"
"43319.611805555556","0.2","12 m ","Town of Amherst, MA","BA Main","43319.62013888889"
"43319.6125","1.0","1 h ","Town of Amherst, MA","BA Main","43319.65416666667"
"43319.61388888889","0.5","30 m ","Town of Amherst, MA","BA Main","43319.634722222225"
"43319.615277777775","1.0","1 h ","Town of Amherst, MA","SP Main","43319.65694444445"
"43319.61875","0.5","30 m ","Town of Amherst, MA","SP Main","43319.63958333333"
"43319.61944444444","1.25","3 h 12 m ","Town of Amherst, MA","BA Main","43319.67916666667"
"43319.62013888889","0.5","30 m ","Town of Amherst, MA","BA Main","43319.64097222222"
"43319.62291666667","2.25","2 h 15 m ","Town of Amherst, MA","BA Main","43319.71666666667"
"43319.63333333333","1.0","1 h ","Town of Amherst, MA","SP Main","43319.675"
"43319.63333333333","0.25","15 m ","Town of Amherst, MA","BA Main","43319.64375"
"43319.635416666664","1.25","1 h 15 m ","Town of Amherst, MA","BA Main","43319.6875"
"43319.64166666667","0.9","54 m ","Town of Amherst, MA","SP Main","43319.67916666667"
"43319.65","0.75","45 m ","Town of Amherst, MA","BA Main","43319.68125"
"43319.65277777778","0.5","30 m ","Town of Amherst, MA","BA Main","43319.67361111111"
"43319.65902777778","1.0","1 h ","Town of Amherst, MA","BA Main","43319.700694444444"
"43319.65972222222","0.5","1 h 45 m ","Town of Amherst, MA","BA Main","43319.708333333336"
"43319.67013888889","2.0","2 h ","Town of Amherst, MA","SP Main","43319.75347222222"
"43319.67569444444","2.25","2 h 15 m ","Town of Amherst, MA","BA Main","43319.76944444444"
"43319.67638888889","0.5","30 m ","Town of Amherst, MA","SP Main","43319.697222222225"
"43319.677083333336","0.25","1 h 9 m ","Town of Amherst, MA","SP Main","43319.68958333333"
"43319.677083333336","0.75","45 m ","Town of Amherst, MA","BA Main","43319.708333333336"
"43319.677777777775","1.25","1 h 15 m ","Town of Amherst, MA","SP Main","43319.72986111111"
"43319.677777777775","1.0","1 h ","Town of Amherst, MA","BA Main","43319.71944444445"
"43319.67916666667","1.75","2 h 15 m ","Town of Amherst, MA","SP Main","43319.77013888889"
"43319.683333333334","4.0","4 h ","Town of Amherst, MA","BA Main","43319.85"
"43319.69652777778","0.75","45 m ","Town of Amherst, MA","BA Main","43319.72777777778"
"43319.700694444444","1.5","1 h 30 m ","Town of Amherst, MA","SP Main","43319.763194444444"
"43319.708333333336","1.15","1 h 9 m ","Town of Amherst, MA","BA Main","43319.75625"
"43319.71319444444","1.25","1 h 15 m ","Town of Amherst, MA","SP Main","43319.76527777778"
"43319.714583333334","1.0","1 h ","Town of Amherst, MA","SP Main","43319.75625"
"43319.71666666667","0.5","30 m ","Town of Amherst, MA","BA Main","43319.7375"
"43319.717361111114","4.0","4 h ","Town of Amherst, MA","BA Main","43319.88402777778"
"43319.71805555555","1.75","1 h 45 m ","Town of Amherst, MA","BA Main","43319.790972222225"
"43319.71875","0.75","45 m ","Town of Amherst, MA","BA Main","43319.75"
"43319.72152777778","2.0","2 h ","Town of Amherst, MA","BA Main","43319.80486111111"
"43319.72222222222","2.75","2 h 45 m ","Town of Amherst, MA","BA Main","43319.836805555555"
"43319.72430555556","1.75","1 h 45 m ","Town of Amherst, MA","SP Main","43319.79722222222"
"43319.725","2.25","2 h 15 m ","Town of Amherst, MA","BA Main","43319.81875"
"43319.72708333333","2.25","2 h 15 m ","Town of Amherst, MA","BA Main","43319.82083333333"
"43319.72986111111","2.0","2 h ","Town of Amherst, MA","BA Main","43319.81319444445"
"43319.73263888889","2.5","2 h 30 m ","Town of Amherst, MA","BA Main","43319.836805555555"
"43319.73263888889","4.0","4 h ","Town of Amherst, MA","SP Main","43319.899305555555"
"43319.73472222222","1.25","1 h 15 m ","Town of Amherst, MA","SP Main","43319.78680555556"
"43319.73541666667","2.5","2 h 30 m ","Town of Amherst, MA","SP Main","43319.839583333334"
"43319.740277777775","0.25","15 m ","Town of Amherst, MA","BA Main","43319.75069444445"
"43319.74375","0.6","36 m ","Town of Amherst, MA","BA Main","43319.76875"
"43319.74444444444","2.15","2 h 9 m ","Town of Amherst, MA","SP Main","43319.834027777775"
"43319.74444444444","0.45","27 m ","Town of Amherst, MA","BA Main","43319.763194444444"
"43319.745833333334","2.25","2 h 15 m ","Town of Amherst, MA","BA Main","43319.839583333334"
"43319.74722222222","1.25","1 h 15 m ","Town of Amherst, MA","BA Main","43319.799305555556"
"43319.748611111114","1.55","1 h 33 m ","Town of Amherst, MA","BA Main","43319.81319444445"
"43319.75069444445","0.25","15 m ","Town of Amherst, MA","SP Main","43319.76111111111"
"43319.759722222225","1.0","1 h ","Town of Amherst, MA","BA Main","43319.80138888889"
"43319.760416666664","1.25","1 h 15 m ","Town of Amherst, MA","BA Main","43319.8125"
"43319.76180555556","1.5","1 h 30 m ","Town of Amherst, MA","SP Main","43319.82430555556"
"43319.78125","1.25","1 h 15 m ","Town of Amherst, MA","SP Main","43319.833333333336"
"43319.782638888886","0.5","30 m ","Town of Amherst, MA","SP Main","43319.80347222222"
"43319.78611111111","0.75","45 m ","Town of Amherst, MA","BA Main","43319.81736111111"
"43319.7875","1.25","1 h 15 m ","Town of Amherst, MA","BA Main","43319.839583333334"
"43319.79305555556","3.25","3 h 15 m ","Town of Amherst, MA","BA Main","43319.92847222222"
"43319.79513888889","1.0","1 h ","Town of Amherst, MA","SP Main","43319.836805555555"
"43319.799305555556","1.0","1 h ","Town of Amherst, MA","SP Main","43319.84097222222"
"43319.802083333336","0.75","45 m ","Town of Amherst, MA","BA Main","43319.833333333336"
"43319.81319444445","0.75","45 m ","Town of Amherst, MA","BA Main","43319.84444444445"
"43319.82430555556","0.5","30 m ","Town of Amherst, MA","SP Main","43319.845138888886"
"43320.34375","1.75","1 h 45 m ","Town of Amherst, MA","SP Main","43320.416666666664"
"43320.373611111114","2.25","2 h 15 m ","Town of Amherst, MA","BA Main","43320.467361111114"
"43320.38055555556","1.4","1 h 24 m ","Town of Amherst, MA","BA Main","43320.438888888886"
"43320.38333333333","0.7","42 m ","Town of Amherst, MA","SP Main","43320.4125"
"43320.38958333333","2.0","2 h ","Town of Amherst, MA","BA Main","43320.472916666666"
"43320.39444444444","0.25","15 m ","Town of Amherst, MA","BA Main","43320.404861111114"
"43320.40138888889","1.15","1 h 9 m ","Town of Amherst, MA","BA Main","43320.44930555556"
"43320.40277777778","0.5","30 m ","Town of Amherst, MA","BA Main","43320.42361111111"
"43320.41111111111","0.5","30 m ","Town of Amherst, MA","BA Main","43320.43194444444"
"43320.416666666664","1.15","1 h 9 m ","Town of Amherst, MA","SP Main","43320.464583333334"
"43320.42152777778","1.0","1 h ","Town of Amherst, MA","BA Main","43320.46319444444"
"43320.43680555555","0.5","30 m ","Town of Amherst, MA","SP Main","43320.45763888889"
"43320.44097222222","0.35","21 m ","Town of Amherst, MA","BA Main","43320.455555555556"
"43320.45208333333","0.5","30 m ","Town of Amherst, MA","BA Main","43320.472916666666"
"43320.45277777778","2.25","2 h 15 m ","Town of Amherst, MA","BA Main","43320.54652777778"
"43320.45277777778","1.75","1 h 45 m ","Town of Amherst, MA","SP Main","43320.52569444444"
"43320.45972222222","0.25","15 m ","Town of Amherst, MA","BA Main","43320.470138888886"
"43320.46111111111","0.5","30 m ","Town of Amherst, MA","BA Main","43320.481944444444"
"43320.464583333334","2.75","2 h 45 m ","Town of Amherst, MA","SP Main","43320.57916666667"
"43320.47222222222","2.0","2 h ","Town of Amherst, MA","BA Main","43320.555555555555"
"43320.47430555556","2.0","2 h ","Town of Amherst, MA","BA Main","43320.55763888889"
"43320.47430555556","4.0","4 h ","Town of Amherst, MA","SP Main","43320.64097222222"
"43320.475694444445","1.75","1 h 45 m ","Town of Amherst, MA","SP Main","43320.54861111111"
"43320.47708333333","0.5","30 m ","Town of Amherst, MA","SP Main","43320.49791666667"
"43320.47777777778","0.5","30 m ","Town of Amherst, MA","SP Main","43320.498611111114"
"43320.478472222225","0.75","45 m ","Town of Amherst, MA","BA Main","43320.509722222225"
"43320.478472222225","0.45","27 m ","Town of Amherst, MA","SP Main","43320.49722222222"
"43320.48125","0.75","45 m ","Town of Amherst, MA","BA Main","43320.5125"
"43320.48541666667","3.0","3 h ","Town of Amherst, MA","BA Main","43320.61041666667"
"43320.486805555556","4.0","4 h ","Town of Amherst, MA","BA Main","43320.65347222222"
"43320.48819444444","2.0","2 h ","Town of Amherst, MA","BA Main","43320.57152777778"
"43320.49097222222","0.25","15 m ","Town of Amherst, MA","BA Main","43320.501388888886"
"43320.49236111111","1.0","1 h ","Town of Amherst, MA","BA Main","43320.53402777778"
"43320.49722222222","1.0","1 h ","Town of Amherst, MA","BA Main","43320.53888888889"
"43320.49930555555","1.0","1 h ","Town of Amherst, MA","BA Main","43320.540972222225"
"43320.5","1.0","1 h ","Town of Amherst, MA","BA Main","43320.541666666664"
"43320.50069444445","1.5","1 h 30 m ","Town of Amherst, MA","BA Main","43320.56319444445"
"43320.50208333333","1.5","1 h 30 m ","Town of Amherst, MA","BA Main","43320.56458333333"
"43320.504166666666","1.5","1 h 30 m ","Town of Amherst, MA","BA Main","43320.566666666666"
"43320.50486111111","1.0","1 h ","Town of Amherst, MA","BA Main","43320.54652777778"
"43320.50763888889","2.0","2 h ","Town of Amherst, MA","SP Main","43320.59097222222"
"43320.50833333333","1.55","1 h 33 m ","Town of Amherst, MA","SP Main","43320.572916666664"
"43320.50833333333","1.0","1 h ","Town of Amherst, MA","BA Main","43320.55"
"43320.509722222225","1.0","1 h ","Town of Amherst, MA","BA Main","43320.55138888889"
"43320.51180555556","1.05","1 h 3 m ","Town of Amherst, MA","BA Main","43320.555555555555"
"43320.52013888889","0.5","30 m ","Town of Amherst, MA","BA Main","43320.540972222225"
"43320.520833333336","1.0","1 h ","Town of Amherst, MA","SP Main","43320.5625"
"43320.521527777775","1.25","1 h 15 m ","Town of Amherst, MA","BA Main","43320.57361111111"
"43320.52291666667","1.0","1 h ","Town of Amherst, MA","BA Main","43320.56458333333"
"43320.524305555555","0.75","45 m ","Town of Amherst, MA","BA Main","43320.555555555555"
"43320.527083333334","1.0","1 h ","Town of Amherst, MA","BA Main","43320.56875"
"43320.52777777778","0.75","45 m ","Town of Amherst, MA","SP Main","43320.55902777778"
"43320.532638888886","1.0","1 h ","Town of Amherst, MA","BA Main","43320.57430555556"
"43320.53402777778","0.75","45 m ","Town of Amherst, MA","SP Main","43320.56527777778"
"43320.53472222222","1.25","1 h 15 m ","Town of Amherst, MA","BA Main","43320.586805555555"
"43320.53958333333","0.75","45 m ","Town of Amherst, MA","BA Main","43320.57083333333"
"43320.540972222225","0.1","6 m ","Town of Amherst, MA","BA Main","43320.54513888889"
"43320.54236111111","1.0","1 h ","Town of Amherst, MA","SP Main","43320.584027777775"
"43320.55416666667","0.75","45 m ","Town of Amherst, MA","SP Main","43320.58541666667"
"43320.55763888889","1.5","1 h 30 m ","Town of Amherst, MA","BA Main","43320.62013888889"
"43320.55902777778","1.0","1 h ","Town of Amherst, MA","BA Main","43320.600694444445"
"43320.56041666667","0.5","30 m ","Town of Amherst, MA","SP Main","43320.58125"
"43320.56041666667","0.55","33 m ","Town of Amherst, MA","BA Main","43320.583333333336"
"43320.563888888886","1.5","1 h 30 m ","Town of Amherst, MA","BA Main","43320.626388888886"
"43320.56597222222","1.5","1 h 30 m ","Town of Amherst, MA","BA Main","43320.62847222222"
"43320.569444444445","4.0","4 h ","Town of Amherst, MA","SP Main","43320.73611111111"
"43320.569444444445","2.0","2 h ","Town of Amherst, MA","BA Main","43320.65277777778"
"43320.57361111111","1.25","1 h 15 m ","Town of Amherst, MA","BA Main","43320.62569444445"
"43320.57986111111","1.0","1 h ","Town of Amherst, MA","BA Main","43320.62152777778"
"43320.580555555556","0.35","21 m ","Town of Amherst, MA","BA Main","43320.595138888886"
"43320.58125","0.5","30 m ","Town of Amherst, MA","SP Main","43320.60208333333"
"43320.58263888889","1.0","1 h ","Town of Amherst, MA","SP Main","43320.62430555555"
"43320.58472222222","1.0","1 h ","Town of Amherst, MA","BA Main","43320.626388888886"
"43320.58819444444","0.55","33 m ","Town of Amherst, MA","BA Main","43320.61111111111"
"43320.589583333334","1.25","1 h 15 m ","Town of Amherst, MA","BA Main","43320.64166666667"
"43320.59861111111","1.0","1 h ","Town of Amherst, MA","BA Main","43320.64027777778"
"43320.60208333333","0.25","15 m ","Town of Amherst, MA","BA Main","43320.6125"
"43320.61388888889","0.5","30 m ","Town of Amherst, MA","BA Main","43320.634722222225"
"43320.615277777775","1.25","1 h 15 m ","Town of Amherst, MA","BA Main","43320.66736111111"
"43320.62777777778","0.5","30 m ","Town of Amherst, MA","BA Main","43320.64861111111"
"43320.63055555556","1.5","1 h 30 m ","Town of Amherst, MA","BA Main","43320.69305555556"
"43320.634722222225","1.0","1 h ","Town of Amherst, MA","SP Main","43320.67638888889"
"43320.634722222225","0.5","30 m ","Town of Amherst, MA","BA Main","43320.65555555555"
"43320.64166666667","1.05","1 h 3 m ","Town of Amherst, MA","BA Main","43320.68541666667"
"43320.65902777778","0.75","45 m ","Town of Amherst, MA","BA Main","43320.69027777778"
"43320.66388888889","4.0","4 h ","Town of Amherst, MA","SP Main","43320.830555555556"
"43320.66875","0.3","18 m ","Town of Amherst, MA","BA Main","43320.68125"
"43320.67152777778","1.0","1 h ","Town of Amherst, MA","BA Main","43320.71319444444"
"43320.67291666667","0.5","1 h 30 m ","Town of Amherst, MA","SP Main","43320.697222222225"
"43320.675","0.5","30 m ","Town of Amherst, MA","SP Main","43320.69583333333"
"43320.680555555555","1.7","1 h 42 m ","Town of Amherst, MA","SP Main","43320.751388888886"
"43320.686111111114","1.5","1 h 30 m ","Town of Amherst, MA","BA Main","43320.748611111114"
"43320.68680555555","2.0","2 h ","Town of Amherst, MA","BA Main","43320.77013888889"
"43320.69027777778","0.9","54 m ","Town of Amherst, MA","BA Main","43320.72777777778"
"43320.69027777778","0.75","45 m ","Town of Amherst, MA","SP Main","43320.72152777778"
"43320.69305555556","0.5","30 m ","Town of Amherst, MA","BA Main","43320.71388888889"
"43320.697222222225","0.75","45 m ","Town of Amherst, MA","BA Main","43320.728472222225"
"43320.70416666667","3.1","3 h 6 m ","Town of Amherst, MA","BA Main","43320.833333333336"
"43320.708333333336","1.0","1 h ","Town of Amherst, MA","BA Main","43320.75"
"43320.71666666667","0.5","30 m ","Town of Amherst, MA","BA Main","43320.7375"
"43320.72083333333","1.75","1 h 45 m ","Town of Amherst, MA","SP Main","43320.79375"
"43320.72361111111","2.0","2 h ","Town of Amherst, MA","SP Main","43320.80694444444"
"43320.72638888889","2.75","2 h 45 m ","Town of Amherst, MA","SP Main","43320.84097222222"
"43320.73055555556","2.5","2 h 30 m ","Town of Amherst, MA","BA Main","43320.83472222222"
"43320.73263888889","0.5","30 m ","Town of Amherst, MA","BA Main","43320.75347222222"
"43320.743055555555","1.25","1 h 15 m ","Town of Amherst, MA","SP Main","43320.79513888889"
"43320.74513888889","1.25","1 h 15 m ","Town of Amherst, MA","BA Main","43320.79722222222"
"43320.74722222222","2.25","2 h 15 m ","Town of Amherst, MA","SP Main","43320.84097222222"
"43320.74791666667","1.1","1 h 6 m ","Town of Amherst, MA","BA Main","43320.79375"
"43320.748611111114","0.7","42 m ","Town of Amherst, MA","SP Main","43320.77777777778"
"43320.75277777778","2.0","2 h ","Town of Amherst, MA","BA Main","43320.83611111111"
"43320.75486111111","1.25","1 h 15 m ","Town of Amherst, MA","SP Main","43320.80694444444"
"43320.75486111111","0.25","15 m ","Town of Amherst, MA","BA Main","43320.76527777778"
"43320.75555555556","0.2","12 m ","Town of Amherst, MA","BA Main","43320.76388888889"
"43320.756944444445","2.0","2 h ","Town of Amherst, MA","BA Main","43320.84027777778"
"43320.76180555556","0.25","15 m ","Town of Amherst, MA","BA Main","43320.77222222222"
"43320.76388888889","0.5","30 m ","Town of Amherst, MA","BA Main","43320.78472222222"
"43320.76597222222","2.25","2 h 15 m ","Town of Amherst, MA","BA Main","43320.85972222222"
"43320.76736111111","1.25","1 h 15 m ","Town of Amherst, MA","BA Main","43320.819444444445"
"43320.768055555556","1.75","1 h 45 m ","Town of Amherst, MA","BA Main","43320.84097222222"
"43320.76944444444","0.4","24 m ","Town of Amherst, MA","BA Main","43320.78611111111"
"43320.77013888889","1.0","1 h ","Town of Amherst, MA","BA Main","43320.81180555555"
"43320.77222222222","1.5","1 h 30 m ","Town of Amherst, MA","BA Main","43320.83472222222"
"43320.77569444444","2.25","2 h 15 m ","Town of Amherst, MA","BA Main","43320.86944444444"
"43320.77847222222","1.5","1 h 30 m ","Town of Amherst, MA","BA Main","43320.84097222222"
"43320.78333333333","1.5","1 h 30 m ","Town of Amherst, MA","BA Main","43320.84583333333"
"43320.78402777778","2.5","2 h 30 m ","Town of Amherst, MA","BA Main","43320.888194444444"
"43320.79027777778","1.25","1 h 15 m ","Town of Amherst, MA","BA Main","43320.842361111114"
"43320.790972222225","1.25","1 h 15 m ","Town of Amherst, MA","BA Main","43320.84305555555"
"43320.791666666664","1.0","1 h ","Town of Amherst, MA","SP Main","43320.833333333336"
"43320.791666666664","1.0","1 h ","Town of Amherst, MA","BA Main","43320.833333333336"
"43320.8","0.8","48 m ","Town of Amherst, MA","SP Main","43320.833333333336"
"43320.80902777778","0.75","45 m ","Town of Amherst, MA","BA Main","43320.84027777778"
"43320.81458333333","0.5","30 m ","Town of Amherst, MA","BA Main","43320.83541666667"
"43320.81597222222","0.2","12 m ","Town of Amherst, MA","BA Main","43320.82430555556"
"43320.81736111111","0.75","45 m ","Town of Amherst, MA","BA Main","43320.84861111111"
"43321.27916666667","3.5","3 h 30 m ","Town of Amherst, MA","BA Main","43321.425"
"43321.339583333334","0.9","54 m ","Town of Amherst, MA","BA Main","43321.37708333333"
"43321.342361111114","2.0","2 h ","Town of Amherst, MA","SP Main","43321.42569444444"
"43321.35625","3.0","3 h ","Town of Amherst, MA","SP Main","43321.48125"
"43321.361805555556","1.5","1 h 30 m ","Town of Amherst, MA","BA Main","43321.424305555556"
"43321.36944444444","1.25","1 h 15 m ","Town of Amherst, MA","BA Main","43321.42152777778"
"43321.402083333334","1.0","1 h ","Town of Amherst, MA","BA Main","43321.44375"
"43321.424305555556","0.2","12 m ","Town of Amherst, MA","SP Main","43321.43263888889"
"43321.42847222222","0.75","45 m ","Town of Amherst, MA","BA Main","43321.45972222222"
"43321.444444444445","0.25","15 m ","Town of Amherst, MA","SP Main","43321.45486111111"
"43321.44652777778","4.0","4 h ","Town of Amherst, MA","SP Main","43321.61319444444"
"43321.46666666667","2.0","2 h ","Town of Amherst, MA","SP Main","43321.55"
"43321.46944444445","1.5","1 h 30 m ","Town of Amherst, MA","SP Main","43321.53194444445"
"43321.47083333333","0.5","30 m ","Town of Amherst, MA","BA Main","43321.49166666667"
"43321.47222222222","0.6","36 m ","Town of Amherst, MA","SP Main","43321.49722222222"
"43321.475","0.3","18 m ","Town of Amherst, MA","BA Main","43321.4875"
"43321.47638888889","0.35","39 m ","Town of Amherst, MA","BA Main","43321.50208333333"
"43321.48125","1.0","1 h ","Town of Amherst, MA","BA Main","43321.52291666667"
"43321.48263888889","1.25","1 h 15 m ","Town of Amherst, MA","BA Main","43321.53472222222"
"43321.486805555556","0.5","30 m ","Town of Amherst, MA","BA Main","43321.50763888889"
"43321.4875","1.4","1 h 24 m ","Town of Amherst, MA","BA Main","43321.54583333333"
"43321.4875","1.4","1 h 24 m ","Town of Amherst, MA","SP Main","43321.54583333333"
"43321.48819444444","1.15","1 h 9 m ","Town of Amherst, MA","SP Main","43321.53611111111"
"43321.49097222222","1.5","1 h 30 m ","Town of Amherst, MA","SP Main","43321.55347222222"
"43321.49652777778","1.25","1 h 15 m ","Town of Amherst, MA","SP Main","43321.54861111111"
"43321.49791666667","2.0","2 h ","Town of Amherst, MA","SP Main","43321.58125"
"43321.49930555555","0.1","6 m ","Town of Amherst, MA","BA Main","43321.50347222222"
"43321.5","0.5","30 m ","Town of Amherst, MA","BA Main","43321.520833333336"
"43321.501388888886","1.75","1 h 45 m ","Town of Amherst, MA","SP Main","43321.57430555556"
"43321.501388888886","1.5","1 h 30 m ","Town of Amherst, MA","BA Main","43321.563888888886"
"43321.504166666666","1.0","1 h ","Town of Amherst, MA","BA Main","43321.54583333333"
"43321.50486111111","2.0","2 h ","Town of Amherst, MA","SP Main","43321.58819444444"
"43321.50625","1.5","1 h 30 m ","Town of Amherst, MA","BA Main","43321.56875"
"43321.50763888889","0.25","15 m ","Town of Amherst, MA","SP Main","43321.518055555556"
"43321.50763888889","1.0","1 h ","Town of Amherst, MA","BA Main","43321.549305555556"
"43321.50833333333","1.0","1 h ","Town of Amherst, MA","SP Main","43321.55"
"43321.509722222225","0.75","45 m ","Town of Amherst, MA","BA Main","43321.540972222225"
"43321.51111111111","2.25","2 h 15 m ","Town of Amherst, MA","BA Main","43321.60486111111"
"43321.5125","0.5","30 m ","Town of Amherst, MA","SP Main","43321.53333333333"
"43321.5125","0.5","30 m ","Town of Amherst, MA","BA Main","43321.53333333333"
"43321.51458333333","1.7","1 h 42 m ","Town of Amherst, MA","BA Main","43321.58541666667"
"43321.51736111111","2.0","2 h ","Town of Amherst, MA","BA Main","43321.600694444445"
"43321.51944444444","1.05","1 h 3 m ","Town of Amherst, MA","SP Main","43321.56319444445"
"43321.52361111111","0.5","30 m ","Town of Amherst, MA","BA Main","43321.544444444444"
"43321.527083333334","0.05","3 m ","Town of Amherst, MA","BA Main","43321.52916666667"
"43321.53333333333","1.5","1 h 30 m ","Town of Amherst, MA","BA Main","43321.59583333333"
"43321.53472222222","0.7","42 m ","Town of Amherst, MA","SP Main","43321.563888888886"
"43321.53472222222","1.5","1 h 30 m ","Town of Amherst, MA","BA Main","43321.59722222222"
"43321.53611111111","1.1","1 h 6 m ","Town of Amherst, MA","BA Main","43321.58194444444"
"43321.53680555556","0.5","30 m ","Town of Amherst, MA","BA Main","43321.55763888889"
"43321.54305555556","1.5","1 h 30 m ","Town of Amherst, MA","SP Main","43321.60555555556"
"43321.54791666667","1.3","1 h 18 m ","Town of Amherst, MA","BA Main","43321.60208333333"
"43321.549305555556","0.5","30 m ","Town of Amherst, MA","SP Main","43321.57013888889"
"43321.549305555556","1.25","1 h 15 m ","Town of Amherst, MA","BA Main","43321.60138888889"
"43321.552777777775","1.25","1 h 15 m ","Town of Amherst, MA","SP Main","43321.60486111111"
"43321.55416666667","2.0","2 h ","Town of Amherst, MA","SP Main","43321.6375"
"43321.55486111111","0.25","15 m ","Town of Amherst, MA","BA Main","43321.56527777778"
"43321.55694444444","1.5","1 h 30 m ","Town of Amherst, MA","BA Main","43321.61944444444"
"43321.55972222222","1.5","1 h 30 m ","Town of Amherst, MA","SP Main","43321.62222222222"
"43321.56180555555","2.5","2 h 30 m ","Town of Amherst, MA","BA Main","43321.665972222225"
"43321.56597222222","1.0","1 h ","Town of Amherst, MA","BA Main","43321.60763888889"
"43321.57708333333","0.5","30 m ","Town of Amherst, MA","BA Main","43321.597916666666"
"43321.57847222222","0.5","30 m ","Town of Amherst, MA","SP Main","43321.59930555556"
"43321.57847222222","1.25","3 h 15 m ","Town of Amherst, MA","BA Main","43321.65277777778"
"43321.57847222222","0.25","15 m ","Town of Amherst, MA","BA Main","43321.58888888889"
"43321.57986111111","1.75","1 h 45 m ","Town of Amherst, MA","BA Main","43321.65277777778"
"43321.57986111111","1.25","1 h 15 m ","Town of Amherst, MA","SP Main","43321.631944444445"
"43321.58125","0.5","30 m ","Town of Amherst, MA","BA Main","43321.60208333333"
"43321.58194444444","2.5","2 h 30 m ","Town of Amherst, MA","BA Main","43321.686111111114"
"43321.583333333336","1.0","2 h ","Town of Amherst, MA","BA Main","43321.649305555555"
"43321.58472222222","0.75","45 m ","Town of Amherst, MA","BA Main","43321.61597222222"
"43321.58541666667","0.75","45 m ","Town of Amherst, MA","BA Main","43321.61666666667"
"43321.59444444445","2.0","2 h ","Town of Amherst, MA","BA Main","43321.677777777775"
"43321.59930555556","3.0","3 h ","Town of Amherst, MA","SP Main","43321.72430555556"
"43321.600694444445","0.25","15 m ","Town of Amherst, MA","BA Main","43321.61111111111"
"43321.604166666664","0.25","15 m ","Town of Amherst, MA","BA Main","43321.614583333336"
"43321.60625","1.25","1 h 15 m ","Town of Amherst, MA","SP Main","43321.65833333333"
"43321.60902777778","4.0","4 h ","Town of Amherst, MA","SP Main","43321.77569444444"
"43321.60972222222","1.5","1 h 30 m ","Town of Amherst, MA","BA Main","43321.67222222222"
"43321.61875","0.25","15 m ","Town of Amherst, MA","SP Main","43321.629166666666"
"43321.62013888889","1.0","1 h ","Town of Amherst, MA","BA Main","43321.66180555556"
"43321.625","0.25","15 m ","Town of Amherst, MA","BA Main","43321.635416666664"
"43321.626388888886","2.75","2 h 45 m ","Town of Amherst, MA","SP Main","43321.74097222222"
"43321.631944444445","4.0","4 h ","Town of Amherst, MA","BA Main","43321.79861111111"
"43321.64097222222","1.5","1 h 30 m ","Town of Amherst, MA","BA Main","43321.70347222222"
"43321.65138888889","0.75","45 m ","Town of Amherst, MA","BA Main","43321.68263888889"
"43321.654861111114","0.2","12 m ","Town of Amherst, MA","SP Main","43321.663194444445"
"43321.654861111114","2.0","2 h ","Town of Amherst, MA","BA Main","43321.73819444444"
"43321.65902777778","0.5","30 m ","Town of Amherst, MA","BA Main","43321.67986111111"
"43321.66111111111","1.75","1 h 45 m ","Town of Amherst, MA","SP Main","43321.73402777778"
"43321.665972222225","2.0","2 h ","Town of Amherst, MA","BA Main","43321.74930555555"
"43321.669444444444","0.5","30 m ","Town of Amherst, MA","SP Main","43321.69027777778"
"43321.677083333336","0.5","30 m ","Town of Amherst, MA","BA Main","43321.697916666664"
"43321.67986111111","1.75","1 h 45 m ","Town of Amherst, MA","BA Main","43321.75277777778"
"43321.68125","0.5","30 m ","Town of Amherst, MA","SP Main","43321.70208333333"
"43321.68194444444","0.25","15 m ","Town of Amherst, MA","BA Main","43321.69236111111"
"43321.69027777778","2.0","2 h ","Town of Amherst, MA","BA Main","43321.77361111111"
"43321.69375","3.0","3 h ","Town of Amherst, MA","SP Main","43321.81875"
"43321.697916666664","2.25","2 h 15 m ","Town of Amherst, MA","SP Main","43321.791666666664"
"43321.70486111111","2.25","2 h 15 m ","Town of Amherst, MA","BA Main","43321.79861111111"
"43321.70763888889","0.25","15 m ","Town of Amherst, MA","BA Main","43321.71805555555"
"43321.709027777775","2.0","2 h ","Town of Amherst, MA","BA Main","43321.79236111111"
"43321.70972222222","1.0","1 h ","Town of Amherst, MA","SP Main","43321.751388888886"
"43321.711805555555","1.75","1 h 45 m ","Town of Amherst, MA","SP Main","43321.78472222222"
"43321.71388888889","0.7","42 m ","Town of Amherst, MA","BA Main","43321.743055555555"
"43321.72152777778","1.0","1 h ","Town of Amherst, MA","BA Main","43321.763194444444"
"43321.722916666666","1.05","1 h 3 m ","Town of Amherst, MA","BA Main","43321.76666666667"
"43321.72361111111","0.5","30 m ","Town of Amherst, MA","SP Main","43321.74444444444"
"43321.72361111111","0.4","24 m ","Town of Amherst, MA","BA Main","43321.740277777775"
"43321.725","0.75","45 m ","Town of Amherst, MA","BA Main","43321.75625"
"43321.725694444445","1.0","1 h ","Town of Amherst, MA","BA Main","43321.76736111111"
"43321.72708333333","1.25","1 h 15 m ","Town of Amherst, MA","BA Main","43321.77916666667"
"43321.72777777778","2.75","3 h 30 m ","Town of Amherst, MA","BA Main","43321.870833333334"
"43321.728472222225","2.75","2 h 45 m ","Town of Amherst, MA","SP Main","43321.84305555555"
"43321.73125","2.0","2 h ","Town of Amherst, MA","BA Main","43321.81458333333"
"43321.731944444444","2.5","2 h 30 m ","Town of Amherst, MA","SP Main","43321.83611111111"
"43321.73402777778","1.5","1 h 30 m ","Town of Amherst, MA","BA Main","43321.79652777778"
"43321.73541666667","0.5","30 m ","Town of Amherst, MA","SP Main","43321.75625"
"43321.73541666667","0.5","30 m ","Town of Amherst, MA","BA Main","43321.75625"
"43321.73611111111","1.5","1 h 30 m ","Town of Amherst, MA","BA Main","43321.79861111111"
"43321.73819444444","1.0","1 h ","Town of Amherst, MA","BA Main","43321.779861111114"
"43321.74166666667","1.5","1 h 30 m ","Town of Amherst, MA","BA Main","43321.80416666667"
"43321.74444444444","0.6","36 m ","Town of Amherst, MA","BA Main","43321.76944444444"
"43321.74513888889","1.0","1 h ","Town of Amherst, MA","BA Main","43321.78680555556"
"43321.74652777778","2.5","2 h 30 m ","Town of Amherst, MA","SP Main","43321.850694444445"
"43321.74791666667","1.5","1 h 30 m ","Town of Amherst, MA","BA Main","43321.81041666667"
"43321.75","1.75","1 h 45 m ","Town of Amherst, MA","BA Main","43321.822916666664"
"43321.75208333333","1.0","1 h ","Town of Amherst, MA","BA Main","43321.79375"
"43321.76180555556","1.75","1 h 45 m ","Town of Amherst, MA","SP Main","43321.83472222222"
"43321.76666666667","1.0","1 h ","Town of Amherst, MA","BA Main","43321.808333333334"
"43321.76875","1.75","1 h 45 m ","Town of Amherst, MA","BA Main","43321.84166666667"
"43321.77013888889","1.25","1 h 15 m ","Town of Amherst, MA","BA Main","43321.822222222225"
"43321.770833333336","2.25","2 h 15 m ","Town of Amherst, MA","SP Main","43321.864583333336"
"43321.777083333334","0.95","57 m ","Town of Amherst, MA","BA Main","43321.816666666666"
"43321.78402777778","1.0","1 h ","Town of Amherst, MA","BA Main","43321.825694444444"
"43321.78472222222","1.25","1 h 15 m ","Town of Amherst, MA","BA Main","43321.836805555555"
"43321.78680555556","1.15","1 h 9 m ","Town of Amherst, MA","BA Main","43321.83472222222"
"43321.79513888889","0.95","57 m ","Town of Amherst, MA","BA Main","43321.83472222222"
"43321.802083333336","0.5","30 m ","Town of Amherst, MA","BA Main","43321.822916666664"
"43321.802777777775","2.75","2 h 45 m ","Town of Amherst, MA","BA Main","43321.91736111111"
"43321.80416666667","0.75","45 m ","Town of Amherst, MA","BA Main","43321.83541666667"
"43321.80486111111","0.75","45 m ","Town of Amherst, MA","BA Main","43321.83611111111"
"43321.808333333334","1.0","1 h ","Town of Amherst, MA","BA Main","43321.85"
"43321.81041666667","1.0","1 h ","Town of Amherst, MA","SP Main","43321.85208333333"
"43321.81736111111","0.5","30 m ","Town of Amherst, MA","SP Main","43321.83819444444"
"43321.81805555556","0.5","30 m ","Town of Amherst, MA","SP Main","43321.83888888889"
"43321.81875","0.5","30 m ","Town of Amherst, MA","BA Main","43321.839583333334"
"43321.82708333333","0.25","15 m ","Town of Amherst, MA","BA Main","43321.8375"
"43321.82986111111","0.25","15 m ","Town of Amherst, MA","BA Main","43321.84027777778"
"43322.31805555556","0.75","45 m ","Town of Amherst, MA","BA Main","43322.34930555556"
"43322.33194444444","4.05","4 h ","Town of Amherst, MA","BA Main","43322.498611111114"
"43322.35763888889","2.25","2 h 15 m ","Town of Amherst, MA","BA Main","43322.45138888889"
"43322.37986111111","2.25","2 h 15 m ","Town of Amherst, MA","BA Main","43322.47361111111"
"43322.39166666667","2.75","2 h 45 m ","Town of Amherst, MA","BA Main","43322.50625"
"43322.393055555556","1.25","1 h 15 m ","Town of Amherst, MA","BA Main","43322.44513888889"
"43322.399305555555","1.75","1 h 45 m ","Town of Amherst, MA","BA Main","43322.47222222222"
"43322.41736111111","3.0","3 h ","Town of Amherst, MA","SP Main","43322.54236111111"
"43322.41875","0.25","15 m ","Town of Amherst, MA","BA Main","43322.42916666667"
"43322.419444444444","1.25","1 h 15 m ","Town of Amherst, MA","BA Main","43322.47152777778"
"43322.42291666667","0.25","15 m ","Town of Amherst, MA","SP Main","43322.433333333334"
"43322.427083333336","1.0","1 h ","Town of Amherst, MA","BA Main","43322.46875"
"43322.427777777775","1.5","1 h 30 m ","Town of Amherst, MA","BA Main","43322.490277777775"
"43322.43472222222","1.25","1 h 15 m ","Town of Amherst, MA","BA Main","43322.486805555556"
"43322.43958333333","2.25","2 h 15 m ","Town of Amherst, MA","BA Main","43322.53333333333"
"43322.459027777775","1.65","1 h 39 m ","Town of Amherst, MA","BA Main","43322.52777777778"
"43322.46388888889","1.75","1 h 45 m ","Town of Amherst, MA","BA Main","43322.53680555556"
"43322.467361111114","0.5","30 m ","Town of Amherst, MA","BA Main","43322.48819444444"
"43322.46805555555","0.75","45 m ","Town of Amherst, MA","BA Main","43322.49930555555"
"43322.46944444445","1.0","1 h ","Town of Amherst, MA","BA Main","43322.51111111111"
"43322.47222222222","1.25","1 h 15 m ","Town of Amherst, MA","SP Main","43322.524305555555"
"43322.475694444445","1.0","1 h ","Town of Amherst, MA","BA Main","43322.51736111111"
"43322.47708333333","2.0","2 h ","Town of Amherst, MA","BA Main","43322.56041666667"
"43322.47777777778","2.0","2 h ","Town of Amherst, MA","SP Main","43322.561111111114"
"43322.47986111111","1.25","1 h 15 m ","Town of Amherst, MA","BA Main","43322.53194444445"
"43322.48402777778","2.25","2 h 15 m ","Town of Amherst, MA","BA Main","43322.57777777778"
"43322.48541666667","0.5","30 m ","Town of Amherst, MA","BA Main","43322.50625"
"43322.4875","0.5","30 m ","Town of Amherst, MA","BA Main","43322.50833333333"
"43322.48819444444","0.5","30 m ","Town of Amherst, MA","SP Main","43322.50902777778"
"43322.489583333336","0.75","1 h 15 m ","Town of Amherst, MA","SP Main","43322.54027777778"
"43322.49444444444","0.35","21 m ","Town of Amherst, MA","BA Main","43322.50902777778"
"43322.49791666667","0.9","54 m ","Town of Amherst, MA","SP Main","43322.535416666666"
"43322.501388888886","4.0","4 h ","Town of Amherst, MA","BA Main","43322.66805555556"
"43322.50277777778","1.5","1 h 30 m ","Town of Amherst, MA","BA Main","43322.56527777778"
"43322.50277777778","0.5","30 m ","Town of Amherst, MA","BA Main","43322.52361111111"
"43322.504166666666","0.25","15 m ","Town of Amherst, MA","BA Main","43322.51458333333"
"43322.50486111111","1.85","1 h 51 m ","Town of Amherst, MA","BA Main","43322.58194444444"
"43322.506944444445","1.5","1 h 30 m ","Town of Amherst, MA","SP Main","43322.569444444445"
"43322.50763888889","1.25","1 h 15 m ","Town of Amherst, MA","SP Main","43322.55972222222"
"43322.509722222225","1.05","1 h 3 m ","Town of Amherst, MA","BA Main","43322.55347222222"
"43322.5125","0.75","45 m ","Town of Amherst, MA","SP Main","43322.54375"
"43322.51527777778","2.75","2 h 45 m ","Town of Amherst, MA","BA Main","43322.62986111111"
"43322.51666666667","4.0","4 h ","Town of Amherst, MA","BA Main","43322.683333333334"
"43322.51875","2.0","2 h ","Town of Amherst, MA","BA Main","43322.60208333333"
"43322.51944444444","1.25","1 h 15 m ","Town of Amherst, MA","SP Main","43322.57152777778"
"43322.520833333336","1.25","1 h 15 m ","Town of Amherst, MA","BA Main","43322.572916666664"
"43322.521527777775","0.75","45 m ","Town of Amherst, MA","SP Main","43322.552777777775"
"43322.52291666667","0.75","45 m ","Town of Amherst, MA","SP Main","43322.55416666667"
"43322.524305555555","1.25","1 h 15 m ","Town of Amherst, MA","BA Main","43322.57638888889"
"43322.525","3.5","3 h 30 m ","Town of Amherst, MA","BA Main","43322.67083333333"
"43322.52777777778","0.75","45 m ","Town of Amherst, MA","BA Main","43322.55902777778"
"43322.529861111114","1.0","1 h ","Town of Amherst, MA","BA Main","43322.57152777778"
"43322.53194444445","2.0","2 h ","Town of Amherst, MA","BA Main","43322.615277777775"
"43322.535416666666","0.85","51 m ","Town of Amherst, MA","SP Main","43322.57083333333"
"43322.5375","0.5","30 m ","Town of Amherst, MA","SP Main","43322.558333333334"
"43322.53888888889","0.5","30 m ","Town of Amherst, MA","BA Main","43322.55972222222"
"43322.540972222225","0.75","45 m ","Town of Amherst, MA","SP Main","43322.572222222225"
"43322.541666666664","1.0","1 h ","Town of Amherst, MA","SP Main","43322.583333333336"
"43322.549305555556","1.5","1 h 30 m ","Town of Amherst, MA","BA Main","43322.611805555556"
"43322.552083333336","1.0","1 h ","Town of Amherst, MA","BA Main","43322.59375"
"43322.552777777775","1.5","1 h 30 m ","Town of Amherst, MA","BA Main","43322.615277777775"
"43322.55486111111","2.0","2 h ","Town of Amherst, MA","BA Main","43322.638194444444"
"43322.55625","1.0","1 h ","Town of Amherst, MA","BA Main","43322.597916666666"
"43322.55694444444","0.75","45 m ","Town of Amherst, MA","SP Main","43322.58819444444"
"43322.55763888889","1.0","1 h ","Town of Amherst, MA","SP Main","43322.59930555556"
"43322.55763888889","2.0","2 h ","Town of Amherst, MA","BA Main","43322.64097222222"
"43322.56041666667","1.0","1 h ","Town of Amherst, MA","BA Main","43322.60208333333"
"43322.561111111114","2.5","2 h 30 m ","Town of Amherst, MA","BA Main","43322.66527777778"
"43322.56180555555","1.5","1 h 30 m ","Town of Amherst, MA","SP Main","43322.62430555555"
"43322.56319444445","2.0","2 h ","Town of Amherst, MA","SP Main","43322.646527777775"
"43322.56597222222","0.5","30 m ","Town of Amherst, MA","BA Main","43322.586805555555"
"43322.57083333333","0.6","36 m ","Town of Amherst, MA","BA Main","43322.59583333333"
"43322.58263888889","0.5","30 m ","Town of Amherst, MA","BA Main","43322.603472222225"
"43322.584027777775","0.5","1 h 30 m ","Town of Amherst, MA","BA Main","43322.61875"
"43322.586805555555","0.75","45 m ","Town of Amherst, MA","SP Main","43322.618055555555"
"43322.60486111111","0.75","45 m ","Town of Amherst, MA","BA Main","43322.63611111111"
"43322.61388888889","1.6","1 h 36 m ","Town of Amherst, MA","BA Main","43322.680555555555"
"43322.61597222222","1.5","1 h 30 m ","Town of Amherst, MA","BA Main","43322.67847222222"
"43322.61666666667","1.5","1 h 30 m ","Town of Amherst, MA","SP Main","43322.67916666667"
"43322.61875","2.0","2 h ","Town of Amherst, MA","SP Main","43322.70208333333"
"43322.62222222222","1.25","1 h 15 m ","Town of Amherst, MA","BA Main","43322.674305555556"
"43322.62777777778","1.0","1 h ","Town of Amherst, MA","BA Main","43322.669444444444"
"43322.63125","0.55","33 m ","Town of Amherst, MA","BA Main","43322.65416666667"
"43322.631944444445","0.5","30 m ","Town of Amherst, MA","BA Main","43322.65277777778"
"43322.634722222225","1.5","1 h 30 m ","Town of Amherst, MA","BA Main","43322.697222222225"
"43322.63611111111","0.75","45 m ","Town of Amherst, MA","BA Main","43322.66736111111"
"43322.63680555556","1.25","1 h 15 m ","Town of Amherst, MA","BA Main","43322.688888888886"
"43322.64236111111","1.5","1 h 30 m ","Town of Amherst, MA","BA Main","43322.70486111111"
"43322.643055555556","1.5","1 h 30 m ","Town of Amherst, MA","SP Main","43322.705555555556"
"43322.64375","1.0","1 h ","Town of Amherst, MA","BA Main","43322.68541666667"
"43322.64722222222","0.5","30 m ","Town of Amherst, MA","BA Main","43322.66805555556"
"43322.65","2.25","2 h 15 m ","Town of Amherst, MA","BA Main","43322.74375"
"43322.652083333334","1.5","1 h 30 m ","Town of Amherst, MA","BA Main","43322.714583333334"
"43322.65694444445","1.75","1 h 45 m ","Town of Amherst, MA","SP Main","43322.72986111111"
"43322.66180555556","2.5","2 h 30 m ","Town of Amherst, MA","BA Main","43322.76597222222"
"43322.669444444444","0.25","15 m ","Town of Amherst, MA","BA Main","43322.67986111111"
"43322.67222222222","2.0","2 h ","Town of Amherst, MA","BA Main","43322.75555555556"
"43322.67291666667","1.9","1 h 54 m ","Town of Amherst, MA","SP Main","43322.75208333333"
"43322.677083333336","1.75","1 h 45 m ","Town of Amherst, MA","BA Main","43322.75"
"43322.68472222222","1.0","1 h ","Town of Amherst, MA","BA Main","43322.72638888889"
"43322.6875","0.25","15 m ","Town of Amherst, MA","BA Main","43322.697916666664"
"43322.691666666666","1.5","1 h 30 m ","Town of Amherst, MA","BA Main","43322.754166666666"
"43322.69930555556","1.25","1 h 15 m ","Town of Amherst, MA","SP Main","43322.751388888886"
"43322.71041666667","1.75","1 h 45 m ","Town of Amherst, MA","BA Main","43322.78333333333"
"43322.71319444444","0.25","15 m ","Town of Amherst, MA","SP Main","43322.72361111111"
"43322.71319444444","2.75","2 h 45 m ","Town of Amherst, MA","BA Main","43322.82777777778"
"43322.71388888889","2.5","2 h 30 m ","Town of Amherst, MA","BA Main","43322.81805555556"
"43322.714583333334","3.25","3 h 15 m ","Town of Amherst, MA","SP Main","43322.85"
"43322.71527777778","0.5","30 m ","Town of Amherst, MA","BA Main","43322.73611111111"
"43322.71597222222","0.5","30 m ","Town of Amherst, MA","BA Main","43322.736805555556"
"43322.72361111111","2.5","2 h 30 m ","Town of Amherst, MA","SP Main","43322.82777777778"
"43322.72986111111","1.75","1 h 45 m ","Town of Amherst, MA","BA Main","43322.802777777775"
"43322.73125","1.25","1 h 15 m ","Town of Amherst, MA","BA Main","43322.78333333333"
"43322.73125","0.25","15 m ","Town of Amherst, MA","SP Main","43322.74166666667"
"43322.73263888889","2.0","2 h ","Town of Amherst, MA","SP Main","43322.81597222222"
"43322.736805555556","0.75","45 m ","Town of Amherst, MA","BA Main","43322.768055555556"
"43322.740277777775","0.5","30 m ","Town of Amherst, MA","BA Main","43322.76111111111"
"43322.74166666667","2.0","2 h ","Town of Amherst, MA","BA Main","43322.825"
"43322.74236111111","2.0","2 h ","Town of Amherst, MA","BA Main","43322.825694444444"
"43322.743055555555","2.25","2 h 15 m ","Town of Amherst, MA","SP Main","43322.836805555555"
"43322.74375","0.5","2 h 30 m ","Town of Amherst, MA","BA Main","43322.84652777778"
"43322.74513888889","0.25","15 m ","Town of Amherst, MA","BA Main","43322.75555555556"
"43322.745833333334","2.25","2 h 15 m ","Town of Amherst, MA","SP Main","43322.839583333334"
"43322.74652777778","1.0","1 h ","Town of Amherst, MA","BA Main","43322.788194444445"
"43322.74722222222","2.0","2 h ","Town of Amherst, MA","SP Main","43322.830555555556"
"43322.75208333333","1.75","1 h 45 m ","Town of Amherst, MA","SP Main","43322.825"
"43322.75208333333","2.0","2 h ","Town of Amherst, MA","BA Main","43322.83541666667"
"43322.75347222222","2.0","2 h ","Town of Amherst, MA","BA Main","43322.836805555555"
"43322.754166666666","2.0","2 h ","Town of Amherst, MA","BA Main","43322.8375"
"43322.75486111111","0.25","15 m ","Town of Amherst, MA","SP Main","43322.76527777778"
"43322.75486111111","0.75","45 m ","Town of Amherst, MA","BA Main","43322.78611111111"
"43322.75555555556","2.05","2 h 3 m ","Town of Amherst, MA","SP Main","43322.84097222222"
"43322.75625","1.25","1 h 15 m ","Town of Amherst, MA","BA Main","43322.808333333334"
"43322.75902777778","2.0","2 h ","Town of Amherst, MA","BA Main","43322.842361111114"
"43322.760416666664","1.0","1 h ","Town of Amherst, MA","BA Main","43322.802083333336"
"43322.76458333333","1.75","1 h 45 m ","Town of Amherst, MA","BA Main","43322.8375"
"43322.76597222222","1.0","1 h ","Town of Amherst, MA","BA Main","43322.80763888889"
"43322.76736111111","0.5","30 m ","Town of Amherst, MA","BA Main","43322.788194444445"
"43322.76736111111","0.25","15 m ","Town of Amherst, MA","SP Main","43322.77777777778"
"43322.77291666667","1.25","1 h 15 m ","Town of Amherst, MA","SP Main","43322.825"
"43322.77569444444","0.75","45 m ","Town of Amherst, MA","SP Main","43322.80694444444"
"43322.777083333334","4.0","4 h ","Town of Amherst, MA","BA Main","43322.94375"
"43322.78055555555","1.3","1 h 18 m ","Town of Amherst, MA","BA Main","43322.83472222222"
"43322.78333333333","1.25","1 h 15 m ","Town of Amherst, MA","BA Main","43322.83541666667"
"43322.78472222222","1.0","1 h ","Town of Amherst, MA","BA Main","43322.82638888889"
"43322.7875","0.1","6 m ","Town of Amherst, MA","BA Main","43322.791666666664"
"43322.79027777778","1.0","1 h ","Town of Amherst, MA","SP Main","43322.83194444444"
"43322.794444444444","1.0","1 h ","Town of Amherst, MA","BA Main","43322.83611111111"
"43322.802777777775","0.75","45 m ","Town of Amherst, MA","SP Main","43322.834027777775"
"43322.81041666667","0.75","45 m ","Town of Amherst, MA","BA Main","43322.84166666667"
"43322.819444444445","0.5","30 m ","Town of Amherst, MA","BA Main","43322.84027777778"
"43322.82013888889","0.5","30 m ","Town of Amherst, MA","SP Main","43322.84097222222"
"43322.82152777778","0.5","30 m ","Town of Amherst, MA","SP Main","43322.842361111114"
"43322.834027777775","0.5","30 m ","Town of Amherst, MA","BA Main","43322.85486111111"
"43323.31319444445","1.25","1 h 15 m ","Town of Amherst, MA","BA Main","43323.365277777775"
"43323.33472222222","1.25","1 h 15 m ","Town of Amherst, MA","BA Main","43323.38680555556"
"43323.345138888886","1.5","1 h 30 m ","Town of Amherst, MA","BA Main","43323.407638888886"
"43323.34861111111","0.5","30 m ","Town of Amherst, MA","SP Main","43323.36944444444"
"43323.35277777778","1.5","1 h 30 m ","Town of Amherst, MA","BA Main","43323.41527777778"
"43323.35555555556","0.5","30 m ","Town of Amherst, MA","BA Main","43323.376388888886"
"43323.35625","0.75","45 m ","Town of Amherst, MA","SP Main","43323.3875"
"43323.36041666667","0.5","30 m ","Town of Amherst, MA","BA Main","43323.38125"
"43323.36388888889","0.5","30 m ","Town of Amherst, MA","SP Main","43323.384722222225"
"43323.364583333336","1.0","1 h ","Town of Amherst, MA","BA Main","43323.40625"
"43323.370833333334","1.0","1 h ","Town of Amherst, MA","SP Main","43323.4125"
"43323.37291666667","0.75","45 m ","Town of Amherst, MA","SP Main","43323.40416666667"
"43323.373611111114","1.5","1 h 30 m ","Town of Amherst, MA","BA Main","43323.436111111114"
"43323.375","2.0","2 h ","Town of Amherst, MA","BA Main","43323.458333333336"
"43323.376388888886","0.35","21 m ","Town of Amherst, MA","BA Main","43323.39097222222"
"43323.379166666666","0.5","30 m ","Town of Amherst, MA","BA Main","43323.4"
"43323.37986111111","0.5","30 m ","Town of Amherst, MA","BA Main","43323.40069444444"
"43323.395833333336","1.0","1 h ","Town of Amherst, MA","BA Main","43323.4375"
"43323.39791666667","2.0","2 h ","Town of Amherst, MA","SP Main","43323.48125"
"43323.39861111111","0.5","30 m ","Town of Amherst, MA","BA Main","43323.419444444444"
"43323.399305555555","0.75","45 m ","Town of Amherst, MA","SP Main","43323.430555555555"
"43323.4","1.0","1 h ","Town of Amherst, MA","SP Main","43323.441666666666"
"43323.40069444444","0.25","1 h 15 m ","Town of Amherst, MA","SP Main","43323.45208333333"
"43323.40277777778","0.5","30 m ","Town of Amherst, MA","SP Main","43323.42361111111"
"43323.404861111114","0.2","12 m ","Town of Amherst, MA","BA Main","43323.413194444445"
"43323.404861111114","0.35","21 m ","Town of Amherst, MA","SP Main","43323.419444444444"
"43323.40555555555","0.8","48 m ","Town of Amherst, MA","SP Main","43323.438888888886"
"43323.40625","0.75","45 m ","Town of Amherst, MA","SP Main","43323.4375"
"43323.40625","0.5","30 m ","Town of Amherst, MA","BA Main","43323.427083333336"
"43323.40694444445","0.8","48 m ","Town of Amherst, MA","SP Main","43323.44027777778"
"43323.407638888886","0.5","30 m ","Town of Amherst, MA","SP Main","43323.42847222222"
"43323.40972222222","2.05","2 h 3 m ","Town of Amherst, MA","BA Main","43323.49513888889"
"43323.41111111111","1.5","1 h 30 m ","Town of Amherst, MA","BA Main","43323.47361111111"
"43323.41180555556","0.1","6 m ","Town of Amherst, MA","SP Main","43323.415972222225"
"43323.41527777778","1.0","1 h ","Town of Amherst, MA","SP Main","43323.45694444444"
"43323.415972222225","1.5","1 h 30 m ","Town of Amherst, MA","BA Main","43323.478472222225"
"43323.41805555556","0.4","24 m ","Town of Amherst, MA","BA Main","43323.43472222222"
"43323.42152777778","0.65","39 m ","Town of Amherst, MA","SP Main","43323.44861111111"
"43323.42222222222","1.5","1 h 30 m ","Town of Amherst, MA","BA Main","43323.48472222222"
"43323.425","0.8","48 m ","Town of Amherst, MA","BA Main","43323.458333333336"
"43323.42638888889","4.0","4 h ","Town of Amherst, MA","SP Main","43323.59305555555"
"43323.42638888889","0.25","15 m ","Town of Amherst, MA","BA Main","43323.43680555555"
"43323.427083333336","0.35","21 m ","Town of Amherst, MA","BA Main","43323.441666666666"
"43323.427777777775","0.25","15 m ","Town of Amherst, MA","BA Main","43323.43819444445"
"43323.42847222222","0.5","30 m ","Town of Amherst, MA","BA Main","43323.44930555556"
"43323.436111111114","1.0","1 h ","Town of Amherst, MA","SP Main","43323.47777777778"
"43323.43680555555","0.3","18 m ","Town of Amherst, MA","BA Main","43323.44930555556"
"43323.4375","0.5","30 m ","Town of Amherst, MA","BA Main","43323.458333333336"
"43323.43958333333","0.75","45 m ","Town of Amherst, MA","SP Main","43323.47083333333"
"43323.441666666666","0.75","45 m ","Town of Amherst, MA","BA Main","43323.472916666666"
"43323.444444444445","0.5","30 m ","Town of Amherst, MA","SP Main","43323.46527777778"
"43323.44513888889","0.5","30 m ","Town of Amherst, MA","SP Main","43323.46597222222"
"43323.45","0.5","30 m ","Town of Amherst, MA","SP Main","43323.47083333333"
"43323.450694444444","1.0","1 h ","Town of Amherst, MA","SP Main","43323.49236111111"
"43323.45138888889","0.75","1 h 15 m ","Town of Amherst, MA","BA Main","43323.489583333336"
"43323.45347222222","3.25","3 h 15 m ","Town of Amherst, MA","SP Main","43323.58888888889"
"43323.45347222222","0.85","51 m ","Town of Amherst, MA","BA Main","43323.48888888889"
"43323.45416666667","0.5","30 m ","Town of Amherst, MA","BA Main","43323.475"
"43323.459027777775","0.25","15 m ","Town of Amherst, MA","BA Main","43323.46944444445"
"43323.46041666667","0.5","30 m ","Town of Amherst, MA","BA Main","43323.48125"
"43323.46388888889","0.75","45 m ","Town of Amherst, MA","SP Main","43323.49513888889"
"43323.46527777778","1.5","1 h 30 m ","Town of Amherst, MA","SP Main","43323.52777777778"
"43323.46527777778","0.5","30 m ","Town of Amherst, MA","BA Main","43323.48611111111"
"43323.46597222222","0.5","30 m ","Town of Amherst, MA","SP Main","43323.486805555556"
"43323.46944444445","0.75","45 m ","Town of Amherst, MA","SP Main","43323.50069444445"
"43323.470138888886","1.75","1 h 45 m ","Town of Amherst, MA","BA Main","43323.54305555556"
"43323.47083333333","2.4","3 h 15 m ","Town of Amherst, MA","SP Main","43323.58888888889"
"43323.47152777778","0.5","30 m ","Town of Amherst, MA","BA Main","43323.49236111111"
"43323.475","1.5","1 h 30 m ","Town of Amherst, MA","SP Main","43323.5375"
"43323.475","2.25","2 h 15 m ","Town of Amherst, MA","BA Main","43323.56875"
"43323.47638888889","1.0","1 h ","Town of Amherst, MA","BA Main","43323.518055555556"
"43323.48263888889","0.5","30 m ","Town of Amherst, MA","BA Main","43323.50347222222"
"43323.48541666667","0.4","24 m ","Town of Amherst, MA","SP Main","43323.50208333333"
"43323.48611111111","1.0","1 h ","Town of Amherst, MA","BA Main","43323.52777777778"
"43323.49097222222","0.7","42 m ","Town of Amherst, MA","BA Main","43323.52013888889"
"43323.49236111111","0.25","15 m ","Town of Amherst, MA","BA Main","43323.50277777778"
"43323.493055555555","0.75","45 m ","Town of Amherst, MA","BA Main","43323.524305555555"
"43323.49375","0.75","45 m ","Town of Amherst, MA","SP Main","43323.525"
"43323.49375","1.0","1 h ","Town of Amherst, MA","BA Main","43323.535416666666"
"43323.49722222222","1.0","1 h ","Town of Amherst, MA","BA Main","43323.53888888889"
"43323.49791666667","0.55","33 m ","Town of Amherst, MA","SP Main","43323.520833333336"
"43323.498611111114","1.75","1 h 45 m ","Town of Amherst, MA","BA Main","43323.57152777778"
"43323.5","3.5","3 h 30 m ","Town of Amherst, MA","BA Main","43323.645833333336"
"43323.50347222222","1.0","1 h ","Town of Amherst, MA","SP Main","43323.54513888889"
"43323.504166666666","0.75","45 m ","Town of Amherst, MA","SP Main","43323.535416666666"
"43323.504166666666","3.0","3 h ","Town of Amherst, MA","BA Main","43323.629166666666"
"43323.50555555556","0.5","30 m ","Town of Amherst, MA","BA Main","43323.52638888889"
"43323.50625","4.0","4 h ","Town of Amherst, MA","BA Main","43323.67291666667"
"43323.509722222225","1.0","1 h ","Town of Amherst, MA","BA Main","43323.55138888889"
"43323.510416666664","0.75","45 m ","Town of Amherst, MA","BA Main","43323.541666666664"
"43323.51111111111","0.5","30 m ","Town of Amherst, MA","BA Main","43323.53194444445"
"43323.5125","1.5","1 h 30 m ","Town of Amherst, MA","BA Main","43323.575"
"43323.51527777778","3.0","3 h ","Town of Amherst, MA","BA Main","43323.64027777778"
"43323.518055555556","2.25","2 h 15 m ","Town of Amherst, MA","SP Main","43323.611805555556"
"43323.51944444444","1.0","1 h ","Town of Amherst, MA","SP Main","43323.561111111114"
"43323.51944444444","0.5","30 m ","Town of Amherst, MA","BA Main","43323.54027777778"
"43323.52013888889","3.45","3 h 27 m ","Town of Amherst, MA","BA Main","43323.66388888889"
"43323.52291666667","0.7","42 m ","Town of Amherst, MA","SP Main","43323.552083333336"
"43323.524305555555","0.5","30 m ","Town of Amherst, MA","SP Main","43323.54513888889"
"43323.524305555555","3.75","3 h 45 m ","Town of Amherst, MA","BA Main","43323.680555555555"
"43323.52916666667","0.55","33 m ","Town of Amherst, MA","BA Main","43323.552083333336"
"43323.53125","4.0","4 h ","Town of Amherst, MA","SP Main","43323.697916666664"
"43323.53402777778","1.25","1 h 15 m ","Town of Amherst, MA","SP Main","43323.58611111111"
"43323.53402777778","0.95","57 m ","Town of Amherst, MA","BA Main","43323.57361111111"
"43323.53611111111","3.25","3 h 15 m ","Town of Amherst, MA","BA Main","43323.67152777778"
"43323.53680555556","0.5","30 m ","Town of Amherst, MA","BA Main","43323.55763888889"
"43323.5375","1.0","1 h ","Town of Amherst, MA","BA Main","43323.57916666667"
"43323.54027777778","1.25","1 h 15 m ","Town of Amherst, MA","BA Main","43323.592361111114"
"43323.540972222225","1.25","1 h 15 m ","Town of Amherst, MA","SP Main","43323.59305555555"
"43323.54236111111","1.5","1 h 30 m ","Town of Amherst, MA","SP Main","43323.60486111111"
"43323.54305555556","1.0","1 h ","Town of Amherst, MA","BA Main","43323.58472222222"
"43323.54375","0.55","33 m ","Town of Amherst, MA","BA Main","43323.566666666666"
"43323.54375","0.5","30 m ","Town of Amherst, MA","SP Main","43323.56458333333"
"43323.54652777778","0.25","15 m ","Town of Amherst, MA","SP Main","43323.55694444444"
"43323.55069444444","4.0","4 h ","Town of Amherst, MA","BA Main","43323.717361111114"
"43323.55138888889","0.5","30 m ","Town of Amherst, MA","BA Main","43323.572222222225"
"43323.555555555555","1.0","1 h ","Town of Amherst, MA","SP Main","43323.59722222222"
"43323.55694444444","1.0","1 h ","Town of Amherst, MA","SP Main","43323.59861111111"
"43323.55694444444","0.25","15 m ","Town of Amherst, MA","BA Main","43323.56736111111"
"43323.55763888889","0.5","30 m ","Town of Amherst, MA","BA Main","43323.57847222222"
"43323.55902777778","0.75","45 m ","Town of Amherst, MA","BA Main","43323.59027777778"
"43323.55972222222","2.0","2 h ","Town of Amherst, MA","SP Main","43323.643055555556"
"43323.561111111114","4.0","4 h ","Town of Amherst, MA","SP Main","43323.72777777778"
"43323.56319444445","4.0","4 h ","Town of Amherst, MA","SP Main","43323.72986111111"
"43323.56458333333","1.0","1 h ","Town of Amherst, MA","BA Main","43323.60625"
"43323.56736111111","2.5","2 h 30 m ","Town of Amherst, MA","SP Main","43323.67152777778"
"43323.56805555556","2.5","2 h 30 m ","Town of Amherst, MA","BA Main","43323.67222222222"
"43323.569444444445","0.75","45 m ","Town of Amherst, MA","BA Main","43323.600694444445"
"43323.57083333333","1.0","1 h ","Town of Amherst, MA","BA Main","43323.6125"
"43323.575694444444","2.75","2 h 45 m ","Town of Amherst, MA","BA Main","43323.69027777778"
"43323.584027777775","1.0","1 h ","Town of Amherst, MA","BA Main","43323.62569444445"
"43323.59444444445","2.5","2 h 30 m ","Town of Amherst, MA","SP Main","43323.69861111111"
"43323.61111111111","0.95","57 m ","Town of Amherst, MA","BA Main","43323.65069444444"
"43323.61319444444","1.75","1 h 45 m ","Town of Amherst, MA","BA Main","43323.686111111114"
"43323.61666666667","0.25","15 m ","Town of Amherst, MA","BA Main","43323.62708333333"
"43323.623611111114","1.5","1 h 30 m ","Town of Amherst, MA","SP Main","43323.686111111114"
"43323.62569444445","0.5","30 m ","Town of Amherst, MA","BA Main","43323.646527777775"
"43323.626388888886","4.0","4 h ","Town of Amherst, MA","SP Main","43323.79305555556"
"43323.63680555556","1.0","1 h ","Town of Amherst, MA","SP Main","43323.67847222222"
"43323.6375","2.25","2 h 15 m ","Town of Amherst, MA","BA Main","43323.73125"
"43323.638194444444","0.5","30 m ","Town of Amherst, MA","BA Main","43323.65902777778"
"43323.63888888889","3.8","3 h 48 m ","Town of Amherst, MA","BA Main","43323.79722222222"
"43323.64236111111","1.0","1 h ","Town of Amherst, MA","BA Main","43323.68402777778"
"43323.64444444444","4.0","4 h ","Town of Amherst, MA","SP Main","43323.811111111114"
"43323.64444444444","4.0","4 h ","Town of Amherst, MA","BA Main","43323.811111111114"
"43323.64791666667","0.75","45 m ","Town of Amherst, MA","BA Main","43323.67916666667"
"43323.64861111111","0.5","30 m ","Town of Amherst, MA","BA Main","43323.669444444444"
"43323.65069444444","0.75","45 m ","Town of Amherst, MA","SP Main","43323.68194444444"
"43323.654861111114","2.5","2 h 30 m ","Town of Amherst, MA","BA Main","43323.75902777778"
"43323.65833333333","1.0","1 h ","Town of Amherst, MA","BA Main","43323.7"
"43323.65902777778","1.0","1 h ","Town of Amherst, MA","SP Main","43323.700694444444"
"43323.660416666666","2.25","2 h 15 m ","Town of Amherst, MA","SP Main","43323.754166666666"
"43323.66180555556","1.0","1 h ","Town of Amherst, MA","BA Main","43323.70347222222"
"43323.6625","4.0","4 h ","Town of Amherst, MA","BA Main","43323.82916666667"
"43323.663194444445","4.0","4 h ","Town of Amherst, MA","SP Main","43323.82986111111"
"43323.663194444445","0.25","15 m ","Town of Amherst, MA","BA Main","43323.67361111111"
"43323.66388888889","2.5","2 h 30 m ","Town of Amherst, MA","SP Main","43323.768055555556"
"43323.66458333333","0.85","51 m ","Town of Amherst, MA","BA Main","43323.7"
"43323.665972222225","0.75","45 m ","Town of Amherst, MA","BA Main","43323.697222222225"
"43323.666666666664","1.25","1 h 15 m ","Town of Amherst, MA","BA Main","43323.71875"
"43323.67013888889","1.25","1 h 15 m ","Town of Amherst, MA","SP Main","43323.72222222222"
"43323.67083333333","4.0","4 h ","Town of Amherst, MA","BA Main","43323.8375"
"43323.675","2.5","2 h 30 m ","Town of Amherst, MA","BA Main","43323.77916666667"
"43323.67916666667","1.35","1 h 21 m ","Town of Amherst, MA","BA Main","43323.73541666667"
"43323.67986111111","2.0","2 h ","Town of Amherst, MA","SP Main","43323.763194444444"
"43323.683333333334","1.0","1 h ","Town of Amherst, MA","BA Main","43323.725"
"43323.68472222222","0.5","30 m ","Town of Amherst, MA","BA Main","43323.705555555556"
"43323.68541666667","1.25","1 h 15 m ","Town of Amherst, MA","SP Main","43323.7375"
"43323.68541666667","1.0","1 h ","Town of Amherst, MA","BA Main","43323.72708333333"
"43323.69027777778","1.0","1 h ","Town of Amherst, MA","SP Main","43323.731944444444"
"43323.69583333333","1.5","1 h 30 m ","Town of Amherst, MA","BA Main","43323.75833333333"
"43323.69583333333","3.5","3 h 30 m ","Town of Amherst, MA","SP Main","43323.84166666667"
"43323.69861111111","1.25","1 h 15 m ","Town of Amherst, MA","SP Main","43323.75069444445"
"43323.69930555556","2.0","2 h ","Town of Amherst, MA","SP Main","43323.782638888886"
"43323.700694444444","2.0","2 h ","Town of Amherst, MA","BA Main","43323.78402777778"
"43323.70138888889","0.4","24 m ","Town of Amherst, MA","BA Main","43323.71805555555"
"43323.70208333333","1.4","1 h 24 m ","Town of Amherst, MA","BA Main","43323.760416666664"
"43323.70277777778","0.8","48 m ","Town of Amherst, MA","SP Main","43323.73611111111"
"43323.70486111111","2.0","2 h ","Town of Amherst, MA","BA Main","43323.788194444445"
"43323.705555555556","1.0","1 h ","Town of Amherst, MA","SP Main","43323.74722222222"
"43323.70694444444","2.0","2 h ","Town of Amherst, MA","BA Main","43323.79027777778"
"43323.70763888889","0.25","15 m ","Town of Amherst, MA","BA Main","43323.71805555555"
"43323.71319444444","0.5","30 m ","Town of Amherst, MA","SP Main","43323.73402777778"
"43323.71388888889","0.25","15 m ","Town of Amherst, MA","SP Main","43323.72430555556"
"43323.722916666666","0.5","30 m ","Town of Amherst, MA","BA Main","43323.74375"
"43323.73125","2.0","2 h ","Town of Amherst, MA","BA Main","43323.81458333333"
"43323.73263888889","2.0","2 h ","Town of Amherst, MA","BA Main","43323.81597222222"
"43323.73611111111","1.0","1 h ","Town of Amherst, MA","SP Main","43323.77777777778"
"43323.736805555556","1.0","1 h ","Town of Amherst, MA","SP Main","43323.77847222222"
"43323.74097222222","0.25","15 m ","Town of Amherst, MA","SP Main","43323.751388888886"
"43323.74097222222","1.25","1 h 15 m ","Town of Amherst, MA","BA Main","43323.79305555556"
"43323.743055555555","1.0","1 h 15 m ","Town of Amherst, MA","SP Main","43323.79305555556"
"43323.74375","1.8","1 h 48 m ","Town of Amherst, MA","BA Main","43323.81875"
"43323.74513888889","0.25","2 h 3 m ","Town of Amherst, MA","BA Main","43323.82916666667"
"43323.74652777778","2.25","2 h 15 m ","Town of Amherst, MA","BA Main","43323.84027777778"
"43323.74722222222","0.5","30 m ","Town of Amherst, MA","SP Main","43323.768055555556"
"43323.74791666667","2.25","2 h 15 m ","Town of Amherst, MA","BA Main","43323.84166666667"
"43323.75","4.0","4 h ","Town of Amherst, MA","SP Main","43323.916666666664"
"43323.75069444445","2.0","2 h ","Town of Amherst, MA","SP Main","43323.834027777775"
"43323.75277777778","0.5","30 m ","Town of Amherst, MA","BA Main","43323.77361111111"
"43323.75347222222","2.0","2 h ","Town of Amherst, MA","SP Main","43323.836805555555"
"43323.754166666666","4.0","4 h ","Town of Amherst, MA","BA Main","43323.92083333333"
"43323.75486111111","2.0","2 h ","Town of Amherst, MA","SP Main","43323.83819444444"
"43323.75625","2.0","2 h ","Town of Amherst, MA","SP Main","43323.839583333334"
"43323.756944444445","1.75","1 h 45 m ","Town of Amherst, MA","BA Main","43323.82986111111"
"43323.75763888889","2.0","2 h ","Town of Amherst, MA","BA Main","43323.84097222222"
"43323.759722222225","0.55","33 m ","Town of Amherst, MA","BA Main","43323.782638888886"
"43323.76458333333","2.0","2 h ","Town of Amherst, MA","SP Main","43323.847916666666"
"43323.76736111111","0.25","4 h ","Town of Amherst, MA","SP Main","43323.805555555555"
"43323.768055555556","1.0","1 h ","Town of Amherst, MA","SP Main","43323.80972222222"
"43323.76944444444","2.0","2 h ","Town of Amherst, MA","BA Main","43323.85277777778"
"43323.76944444444","0.5","30 m ","Town of Amherst, MA","SP Main","43323.79027777778"
"43323.774305555555","0.5","30 m ","Town of Amherst, MA","SP Main","43323.79513888889"
"43323.777083333334","1.4","1 h 24 m ","Town of Amherst, MA","BA Main","43323.83541666667"
"43323.77916666667","3.0","3 h ","Town of Amherst, MA","SP Main","43323.90416666667"
"43323.78125","1.25","1 h 15 m ","Town of Amherst, MA","SP Main","43323.833333333336"
"43323.782638888886","1.25","1 h 15 m ","Town of Amherst, MA","BA Main","43323.83472222222"
"43323.78472222222","1.0","1 h ","Town of Amherst, MA","SP Main","43323.82638888889"
"43323.78611111111","1.25","1 h 15 m ","Town of Amherst, MA","BA Main","43323.83819444444"
"43323.7875","1.25","1 h 15 m ","Town of Amherst, MA","SP Main","43323.839583333334"
"43323.788194444445","1.0","1 h ","Town of Amherst, MA","SP Main","43323.82986111111"
"43323.80069444444","0.75","45 m ","Town of Amherst, MA","BA Main","43323.83194444444"
"43323.80694444444","0.5","30 m ","Town of Amherst, MA","SP Main","43323.82777777778"
"43323.808333333334","0.6","36 m ","Town of Amherst, MA","SP Main","43323.833333333336"
"43323.81180555555","1.05","1 h 3 m ","Town of Amherst, MA","BA Main","43323.85555555556"
"43323.8125","0.6","36 m ","Town of Amherst, MA","BA Main","43323.8375"
"43323.81597222222","0.15","9 m ","Town of Amherst, MA","BA Main","43323.822222222225"
"43323.81805555556","0.5","30 m ","Town of Amherst, MA","BA Main","43323.83888888889"
"43323.819444444445","0.15","18 m ","Town of Amherst, MA","BA Main","43323.82847222222"
"43323.82430555556","0.25","15 m ","Town of Amherst, MA","BA Main","43323.83472222222"
"43324.42361111111","1.0","1 h ","Town of Amherst, MA","BA Main","43324.46527777778"
"43324.48541666667","1.25","1 h 15 m ","Town of Amherst, MA","BA Main","43324.5375"
"43324.52916666667","0.25","15 m ","Town of Amherst, MA","BA Main","43324.53958333333"
"43324.54791666667","1.0","1 h ","Town of Amherst, MA","BA Main","43324.589583333334"
"43324.70277777778","2.0","2 h ","Town of Amherst, MA","BA Main","43324.78611111111"
"43324.70972222222","0.25","15 m ","Town of Amherst, MA","SP Main","43324.720138888886"
"43324.72986111111","1.0","1 h ","Town of Amherst, MA","SP Main","43324.771527777775"
"43324.77361111111","1.5","1 h 30 m ","Town of Amherst, MA","BA Main","43324.83611111111"
"43324.80625","0.75","45 m ","Town of Amherst, MA","BA Main","43324.8375"
"43324.822916666664","1.25","1 h 15 m ","Town of Amherst, MA","BA Main","43324.875"
"43324.90138888889","2.25","2 h 15 m ","Town of Amherst, MA","SP Main","43324.99513888889"
